{
  "n_test": 50000,
  "pr_auc": 0.682641967452101,
  "roc_auc": 0.9353220461112068,
  "seed": 42
}